Keyword,Volume
managing remote teams,1000
remote teams,390
collaboration tools for remote teams,320
online games for remote teams,320
how to manage remote teams,260
team building activities for remote teams,260
leading remote teams,210
managing remote teams best practices,210
best collaboration tools for remote teams,170
games for remote teams,140
team building for remote teams,140
remote teams best practices,110
retrospective ideas for remote teams,110
scrum remote teams,110
tools for remote teams,110
team building ideas for remote teams,90
zapier remote teams,90
best practices for managing remote teams,70
fun retrospective ideas for remote teams,70
manage remote teams,70
retro ideas for remote teams,70
slack best practices for remote teams,70
team building exercises for remote teams,70
trust building exercises for remote teams,70
working agreements for remote teams,70
working with remote teams,70
activities for remote teams,50
best communication tools for remote teams,50
communication exercises for remote teams,50
engagement activities for remote teams,50
engagement ideas for remote teams,50
free collaboration tools for remote teams,50
fun activities for remote teams,50
retrospective games for remote teams,50
virtual games for remote teams,50
agile games for remote teams,40
building culture in remote teams,40
culture building for remote teams,40
free retrospective tools for remote teams,40
fun games for remote teams,40
icebreakers for remote teams,40
managing remote teams training,40
project management tools for remote teams,40
tips for managing remote teams,40
agile with remote teams,30
best tools for remote teams,30
building culture with remote teams,30
building remote teams,30
collaboration remote teams,30
collaboration tool for remote teams,30
collaboration with remote teams,30
communication best practices for remote teams,30
creating culture in remote teams,30
free team building activities for remote teams,30
fun retro ideas for remote teams,30
fun retrospectives for remote teams,30
fun team building activities for remote teams,30
how to effectively manage remote teams,30
how to keep remote teams connected,30
how to keep remote teams engaged,30
how to lead remote teams,30
how to manage remote teams effectively,30
ice breakers for remote teams,30
icebreaker games for remote teams,30
leading remote teams training,30
managing cross cultural remote teams,30
project management for remote teams,30
retrospectives for remote teams,30
team activities for remote teams,30
time tracking for remote teams,30
whiteboard for remote teams,30
21st century work life and leading remote teams,20
agile best practices for remote teams,20
agile for remote teams,20
agile in remote teams,20
agile remote teams,20
agile retrospective ideas for remote teams,20
always on video for remote teams,20
benefits of remote teams,20
best apps for remote teams,20
best books on managing remote teams,20
best free collaboration tools for remote teams,20
best games for remote teams,20
best gifts for remote teams,20
best ice breaker questions for remote teams,20
best icebreakers for remote teams,20
best online games for remote teams,20
best practices for leading remote teams,20
best practices for remote teams,20
best practices to manage remote teams,20
best project management software for remote teams,20
best retrospective tools for remote teams,20
best slack apps for remote teams,20
best software for remote teams,20
best team building activities for remote teams,20
bingo for remote teams,20
books on managing remote teams,20
boost productivity in remote teams,20
brainstorming tools for remote teams,20
bringing remote teams together,20